Height(km),Time(Ix) (H:M:S),Solar Flux Ix (W*m^-2),Time(ED) (H:M:S),Electron Density(m^-3),Electron Density(m^-3) easyfit,Beta(km^-1),H'(km)
74,08:00:00,9.28e-07,08:02:05,400091736.4647723,365958008.80196214,0.3284099015372577,72.12452741570206
74,08:01:00,9.31e-07,08:03:05,399594370.6100368,366560009.92967093,0.32825387196196976,72.12742539727368
74,08:02:00,9.36e-07,08:04:05,398767602.499169,367563508.42925245,0.32799382266982324,72.13225536655969
74,08:03:00,9.37e-07,08:05:05,398602574.41979086,367764232.5275348,0.32794181281139395,72.1332213604169
74,08:04:00,9.46e-07,08:06:05,397122187.3067395,369571113.11781174,0.32747372408553027,72.14191530513173
74,08:05:00,9.45e-07,08:07:05,397286243.19862413,369370316.3955339,0.32752573394395956,72.14094931127453
74,08:06:00,9.46e-07,08:08:05,397122187.3067395,369571113.11781174,0.32747372408553027,72.14191530513173
74,08:07:00,9.44e-07,08:09:05,397450406.8007178,369169527.7039653,0.32757774380238885,72.13998331741732
74,08:08:00,9.43e-07,08:10:05,397614678.19052577,368968747.05254924,0.32762975366081815,72.13901732356011
74,08:09:00,9.49e-07,08:11:05,396630665.11825675,370173551.3757878,0.32731769451024234,72.14481328670334
74,08:10:00,9.45e-07,08:12:05,397286243.19862413,369370316.3955339,0.32752573394395956,72.14094931127453
74,08:11:00,9.42e-07,08:13:05,397779057.4456151,368767974.45081854,0.32768176351924744,72.13805132970292
74,08:12:00,9.42e-07,08:14:05,397779057.4456151,368767974.45081854,0.32768176351924744,72.13805132970292
74,08:13:00,9.45e-07,08:15:05,397286243.19862413,369370316.3955339,0.32752573394395956,72.14094931127453
74,08:14:00,9.53e-07,08:16:05,395976805.45249736,370976914.25885034,0.3271096550765252,72.14867726213215
74,08:15:00,9.57e-07,08:17:05,395324659.2677653,371780404.4766526,0.32690161564280795,72.15254123756097
74,08:16:00,9.76e-07,08:18:05,392250213.99653983,375598705.7336945,0.32591342833265124,72.17089512084783
74,08:17:00,9.89e-07,08:19:05,390293754.6225394,378212848.98050827,0.32527006210687714,72.18264990783368
74,08:18:00,9.98e-07,08:20:05,389132255.85633,380023403.1807153,0.3248729974272953,72.189602753659
74,08:19:00,1.04e-06,08:21:05,383785483.57156193,388480786.77890223,0.3230200289225802,72.22204936751051
74,08:20:00,1.41e-06,08:22:05,368684823.96579605,463553253.21962315,0.3150342756594682,72.30440022084423
74,08:21:00,2.42e-06,08:23:05,504245645.7160255,674445435.8224415,0.3366430660788079,71.48311035701077
74,08:22:00,3.12e-06,08:24:05,730313313.688015,826678951.3135645,0.36309115578140044,70.64628696051274
74,08:23:00,3.66e-06,08:25:05,977043623.9620726,947836380.9738774,0.3817086166352639,70.04734831492934
74,08:24:00,3.93e-06,08:26:05,1118713721.1023078,1009665785.793618,0.38968072826528266,69.78073888055133
74,08:25:00,3.97e-06,08:27:05,1140389529.5951715,1018897345.1770153,0.3907725842579542,69.74341919717655
74,08:26:00,3.84e-06,08:28:05,1070450914.8491994,988962499.3711255,0.3871342833898464,69.86689883109428
74,08:27:00,3.66e-06,08:29:05,977043623.9620726,947836380.9738774,0.3817086166352639,70.04734831492934
74,08:28:00,3.44e-06,08:30:05,869806426.1215584,898076112.865062,0.3745097942174164,70.28180460310543
74,08:29:00,3.2e-06,08:31:05,763203926.320139,844420051.8758545,0.36603561985793787,70.55291698133134
74,08:30:00,2.95e-06,08:32:05,665180278.8641906,789216166.920539,0.35670174062034954,70.84810059304189
74,08:31:00,2.67e-06,08:33:05,572182004.4069042,728206021.032634,0.3459908383170804,71.18580110445484
74,08:32:00,2.41e-06,08:34:05,501808763.9262977,672308703.406158,0.33627875721727,71.4947897080991
74,08:33:00,2.18e-06,08:35:05,452094269.82733715,623447608.011323,0.32838481332875985,71.75226930582171
74,08:34:00,1.98e-06,08:36:05,418069123.08650786,581390241.8331071,0.32248050418064034,71.9537470287222
74,08:35:00,1.81e-06,08:37:05,395859889.85183775,545943005.558504,0.31852995225346153,72.09973838996945
74,08:36:00,1.66e-06,08:38:05,381309760.80896306,514885641.60890895,0.316092428162377,72.20355718935889
74,08:37:00,1.53e-06,08:39:05,372877659.988738,488127985.6566192,0.31502528822987025,72.26845557582965
74,08:38:00,1.43e-06,08:40:05,369162149.0100656,467640974.32731545,0.31496933109342673,72.29994279556438
74,08:39:00,1.34e-06,08:41:05,368074574.08929646,449271025.68889624,0.31557021669419116,72.31252937945504
74,08:40:00,1.27e-06,08:42:05,368896132.24126256,435026612.0436738,0.3165223569017072,72.31056159830364
74,08:41:00,1.21e-06,08:43:05,370835667.8239168,422846537.86571604,0.3176921969183474,72.30027639767108
74,08:42:00,1.18e-06,08:44:05,372221510.3636368,416766535.1261112,0.3183933792662111,72.29230418971615
74,08:43:00,1.15e-06,08:45:05,374067797.2294859,410693168.5993571,0.31922158441754095,72.28123476433568
74,08:44:00,1.13e-06,08:46:05,375465931.6046688,406647932.67218816,0.3198180163165594,72.27277509210799
74,08:45:00,1.12e-06,08:47:05,376168380.7232741,404626416.0386026,0.32011623226606856,72.26854525599414
74,08:46:00,1.11e-06,08:48:05,376873094.8127577,402605633.6611585,0.32041444821557774,72.2643154198803
74,08:47:00,1.11e-06,08:49:05,376873094.8127577,402605633.6611585,0.32041444821557774,72.2643154198803
74,08:48:00,1.11e-06,08:50:05,376873094.8127577,402605633.6611585,0.32041444821557774,72.2643154198803
74,08:49:00,1.11e-06,08:51:05,376873094.8127577,402605633.6611585,0.32041444821557774,72.2643154198803
74,08:50:00,1.12e-06,08:52:05,376168380.7232741,404626416.0386026,0.32011623226606856,72.26854525599414
74,08:51:00,1.13e-06,08:53:05,375465931.6046688,406647932.67218816,0.3198180163165594,72.27277509210799
74,08:52:00,1.13e-06,08:54:05,375465931.6046688,406647932.67218816,0.3198180163165594,72.27277509210799
74,08:53:00,1.14e-06,08:55:05,374765739.68640006,408670183.47058755,0.31951980036705013,72.27700492822183
74,08:54:00,1.14e-06,08:56:05,374765739.68640006,408670183.47058755,0.31951980036705013,72.27700492822183
74,08:55:00,1.13e-06,08:57:05,375465931.6046688,406647932.67218816,0.3198180163165594,72.27277509210799
74,08:56:00,1.14e-06,08:58:05,374765739.68640006,408670183.47058755,0.31951980036705013,72.27700492822183
74,08:57:00,1.16e-06,08:59:05,373372096.5263847,412716888.4638976,0.31892336846803176,72.28546460044952
74,08:58:00,1.22e-06,09:00:05,370375788.03795874,424874686.1922065,0.3174584694690595,72.30293380032272
74,08:59:00,1.26e-06,09:01:05,369143982.07836694,432994728.96298534,0.3166959800605783,72.30936702153308
74,09:00:00,1.29e-06,09:02:05,368401390.13978297,439092640.6252714,0.316175110583965,72.31295075184477
74,09:01:00,1.31e-06,09:03:05,368236767.9831021,443161701.9782396,0.3159233245706741,72.31302095837948
74,09:02:00,1.31e-06,09:04:05,368236767.9831021,443161701.9782396,0.3159233245706741,72.31302095837948
74,09:03:00,1.31e-06,09:05:05,368236767.9831021,443161701.9782396,0.3159233245706741,72.31302095837948
74,09:04:00,1.31e-06,09:06:05,368236767.9831021,443161701.9782396,0.3159233245706741,72.31302095837948
74,09:05:00,1.31e-06,09:07:05,368236767.9831021,443161701.9782396,0.3159233245706741,72.31302095837948
74,09:06:00,1.32e-06,09:08:05,368182709.6141708,445197376.319695,0.3158056219451798,72.31285709873801
74,09:07:00,1.33e-06,09:09:05,368128644.9812068,447233816.64542997,0.3156879193196855,72.31269323909652
74,09:08:00,1.34e-06,09:10:05,368074574.08929646,449271025.68889624,0.31557021669419116,72.31252937945504
74,09:09:00,1.36e-06,09:11:05,368063712.78348356,453347761.1367524,0.31536313708357017,72.31151489219303
74,09:10:00,1.38e-06,09:12:05,368312238.41492325,457427605.5590004,0.3152315925139294,72.30866902365351
74,09:11:00,1.4e-06,09:13:05,368560655.90918416,461510582.52099615,0.3151000479442886,72.30582315511398
74,09:12:00,1.42e-06,09:14:05,368872460.2434161,465596716.1287342,0.3149869763683469,72.30253028543481
74,09:13:00,1.46e-06,09:15:05,370032378.30791616,473778551.7362378,0.3149163952686662,72.29218032595308
74,09:14:00,1.52e-06,09:16:05,372430441.2339423,486075602.06366605,0.314998429484135,72.27211776547186
74,09:15:00,1.63e-06,09:17:05,379090714.4603184,508697988.29109716,0.31577536521855376,72.22023661357748
74,09:16:00,1.73e-06,09:18:05,387473858.76864886,529354101.9783635,0.3170839687866125,72.1586004102327
74,09:17:00,1.83e-06,09:19:05,398148164.83780897,550099312.6193695,0.3189317755512757,72.08406009973967
74,09:18:00,1.96e-06,09:20:05,415140684.1265504,577205857.0338113,0.3219591161765828,71.97226625168459
74,09:19:00,2.16e-06,09:21:05,448276836.9379954,619224141.0239083,0.32773910893312974,71.77371431713568
74,09:20:00,2.64e-06,09:22:05,563278926.9834368,721719652.1657231,0.34484740659722835,71.22194564405012
74,09:21:00,3.36e-06,09:23:05,832955429.3716475,880118311.4790082,0.3717473698288659,70.3706265360537
74,09:22:00,3.83e-06,09:24:05,1065178945.9389693,986667914.8823674,0.386846605362407,69.87658784892176
74,09:23:00,4.08e-06,09:25:05,1200851908.9831655,1044379838.3382363,0.3936654556024979,69.64346734412639
74,09:24:00,4.23e-06,09:26:05,1284508312.8052158,1079355431.0480838,0.39732595700781687,69.5141083498578
74,09:25:00,4.37e-06,09:27:05,1363389201.7575295,1112236001.9875104,0.40045672594044107,69.40035483420205
74,09:26:00,4.5e-06,09:28:05,1436597907.3677506,1142973080.4033806,0.40311187111426483,69.30090013842238
74,09:27:00,4.62e-06,09:29:05,1503783829.8098755,1171521417.9520473,0.4053565867535329,69.21416517662405
74,09:28:00,4.73e-06,09:30:05,1564582512.2173746,1197839079.000339,0.40723966010351764,69.13896999546557
74,09:29:00,4.85e-06,09:31:05,1629948771.5917852,1226711290.5015304,0.4091197239166325,69.06126531798007
74,09:30:00,5.05e-06,09:32:05,1735793657.025021,1275207837.2618659,0.4118664203012969,68.94144259140917
74,09:31:00,5.18e-06,09:33:05,1801864075.3797145,1306983016.4565458,0.41340243303005764,68.86987317737436
74,09:32:00,5.09e-06,09:34:05,1756249906.5068572,1284963623.3417034,0.41235473736527517,68.91902045795722
74,09:33:00,4.9e-06,09:35:05,1656767535.6975605,1238791322.9441059,0.4098491258699951,69.03023553910428
74,09:34:00,4.67e-06,09:36:05,1531473398.9295924,1183466388.9429166,0.4062303508610397,69.17954417376882
74,09:35:00,4.42e-06,09:37:05,1391499478.5415118,1124034556.6834784,0.4015023524817156,69.36150386298182
74,09:36:00,4.18e-06,09:38:05,1256541518.3879976,1067667787.1571238,0.39614408744481544,69.55629287452078
74,09:37:00,3.95e-06,09:39:05,1129572746.1750367,1014279247.9020011,0.39023210106841816,69.76194618607727
74,09:38:00,3.75e-06,09:40:05,1023231740.8638271,968352785.4618332,0.384479677662834,69.95569996006506
74,09:39:00,3.59e-06,09:41:05,942029556.522201,931943502.8763419,0.379483500679002,70.12034106207454
74,09:40:00,3.44e-06,09:42:05,869806426.1215584,898076112.865062,0.3745097942174164,70.28180460310543
74,09:41:00,3.31e-06,09:43:05,810593375.0353066,868931546.5132346,0.3699889945860296,70.42693035371208
74,09:42:00,3.19e-06,09:44:05,759002019.0627509,842198489.0133891,0.36566879518655343,70.56455689175559
74,09:43:00,3.09e-06,09:45:05,718358927.1887044,820044504.0670745,0.36197685907138777,70.68155790239335
74,09:44:00,3e-06,09:46:05,683660209.7310284,800201323.064505,0.35859651122524966,70.78833760644395
74,09:45:00,2.93e-06,09:47:05,657934655.4527396,784829839.5250429,0.3559395461241235,70.87212186601765
74,09:46:00,2.87e-06,09:48:05,636773515.2759631,771697284.3536283,0.35364890732232557,70.94430287856868
74,09:47:00,2.79e-06,09:49:05,609837415.7746753,754248591.1016439,0.3505840295911188,71.0408740634752
74,09:48:00,2.72e-06,09:50:05,587469360.7765115,739038159.137407,0.34790135819538165,71.12546681983109
74,09:49:00,2.66e-06,09:51:05,569189664.5248654,726042824.2704612,0.3456089971486319,71.19786342105286
74,09:50:00,2.62e-06,09:52:05,557465415.643617,717400767.2152522,0.34408865489756557,71.24597031034911
74,09:51:00,2.59e-06,09:53:05,548894975.4513556,710930456.5713543,0.34295052734807147,71.28200730979759
74,09:52:00,2.56e-06,09:54:05,540554235.7907834,704469735.6204013,0.34182230292025084,71.31783188890498
74,09:53:00,2.53e-06,09:55:05,532389388.35578537,698018569.1235446,0.3406952326156328,71.35363171225833
74,09:54:00,2.5e-06,09:56:05,524457024.6896562,691576920.7336874,0.33958076927305336,71.38915311553363
74,09:55:00,2.49e-06,09:57:05,521852596.6798517,689431813.2926394,0.3392100715284813,71.40097613563383
74,09:56:00,2.49e-06,09:58:05,521852596.6798517,689431813.2926394,0.3392100715284813,71.40097613563383
74,09:57:00,2.48e-06,09:59:05,519265653.75321424,687287757.8460797,0.3388393737839092,71.41279915573404
74,09:58:00,2.46e-06,10:00:05,514155840.39309144,683002797.19417,0.3381003015249594,71.4363929526574
74,09:59:00,2.44e-06,10:01:05,509167967.2511103,678722027.1445575,0.33737168380188365,71.45975165483408
74,10:00:00,2.43e-06,10:02:05,506698673.35873604,676583209.8942955,0.33700737494034577,71.47143100592243
74,10:01:00,2.41e-06,10:03:05,501808763.9262977,672308703.406158,0.33627875721727,71.4947897080991
74,10:02:00,2.38e-06,10:04:05,494680504.9053161,665904740.6263913,0.3352031807521905,71.52943270867708
74,10:03:00,2.36e-06,10:05:05,490025632.5085341,661640611.7535566,0.3344903213945632,71.55243260153247
74,10:04:00,2.42e-06,10:06:05,504245645.7160255,674445435.8224415,0.3366430660788079,71.48311035701077
74,10:05:00,2.59e-06,10:07:05,548894975.4513556,710930456.5713543,0.34295052734807147,71.28200730979759
74,10:06:00,2.73e-06,10:08:05,590597436.7464802,741207825.6861523,0.3482845268084204,71.11338156995002
74,10:07:00,2.95e-06,10:09:05,665180278.8641906,789216166.920539,0.35670174062034954,70.84810059304189
74,10:08:00,3.15e-06,10:10:05,742487863.5932136,833323459.750351,0.3642014965010157,70.61111653345256
74,10:09:00,3.38e-06,10:11:05,842074647.2890795,884600948.7819169,0.3724466666479355,70.34820581947675
74,10:10:00,3.64e-06,10:12:05,967006521.2360102,943289822.9833367,0.3810829750293891,70.06795568900543
74,10:11:00,3.85e-06,10:13:05,1075754973.629626,991258239.1014588,0.3874219614172858,69.85720981326679
74,10:12:00,4.04e-06,10:14:05,1178736135.7590075,1035097221.7325664,0.39263252526264764,69.67934934657482
74,10:13:00,4.24e-06,10:15:05,1290162473.461323,1081696457.094357,0.39756075434039045,69.50570994971862
74,10:14:00,4.5e-06,10:16:05,1436597907.3677506,1142973080.4033806,0.40311187111426483,69.30090013842238
74,10:15:00,4.78e-06,10:17:05,1591934411.463416,1209848608.7769136,0.40804376966979766,69.10607630864706
74,10:16:00,4.99e-06,10:18:05,1704563925.6819844,1260609466.3982077,0.4110936828380861,68.97609769760224
74,10:17:00,5.06e-06,10:19:05,1740903113.957639,1277645018.1355767,0.41198929212373325,68.93581694178604
74,10:18:00,5.05e-06,10:20:05,1735793657.025021,1275207837.2618659,0.4118664203012969,68.94144259140917
74,10:19:00,4.94e-06,10:21:05,1678113550.093806,1248476513.543609,0.41041389543244244,69.00588191038513
74,10:20:00,4.74e-06,10:22:05,1570144925.2278953,1200238636.2052202,0.4074062836535055,69.13224712655389
74,10:21:00,4.48e-06,10:23:05,1425270875.2959208,1138231426.2132852,0.4027147321878059,69.3159223724265
74,10:22:00,4.23e-06,10:24:05,1284508312.8052158,1079355431.0480838,0.39732595700781687,69.5141083498578
74,10:23:00,3.99e-06,10:25:05,1151332952.0577083,1023520080.0178555,0.3913130674474903,69.72489220827582
74,10:24:00,3.78e-06,10:26:05,1038823431.6047342,975212308.8545523,0.38537471373032783,69.92585116568247
74,10:25:00,3.55e-06,10:27:05,922368741.2933443,922887066.1196467,0.37818278357413104,70.16276824929652
74,10:26:00,3.3e-06,10:28:05,806169450.495412,866697587.9398278,0.3696331152055564,70.4382956846427
74,10:27:00,3.05e-06,10:29:05,702705579.8051671,811214189.9402483,0.360479344350981,70.72888912516746
74,10:28:00,2.82e-06,10:30:05,619768731.666735,760783657.4177787,0.3517343412756846,71.00462486557247
74,10:29:00,2.63e-06,10:31:05,560362078.6373181,719559674.4078835,0.34446803074739696,71.23395797719962
74,10:30:00,2.47e-06,10:32:05,516696063.99252003,685144752.962144,0.33846867603933717,71.42462217583424
74,10:31:00,2.32e-06,10:33:05,480987610.9812083,653124727.0153611,0.3330839196596975,71.5979884631912
74,10:32:00,2.2e-06,10:34:05,455956838.40588087,627675075.209239,0.32903051772438996,71.73082429450774
74,10:33:00,2.1e-06,10:35:05,437442794.95269626,606577582.1594464,0.3258845486800016,71.8361175745186
74,10:34:00,2.02e-06,10:36:05,424201023.1090523,589770514.1596165,0.32356886437610954,71.91562961395147
74,10:35:00,1.96e-06,10:37:05,415140684.1265504,577205857.0338113,0.3219591161765828,71.97226625168459
74,10:36:00,1.89e-06,10:38:05,405556476.2714093,562590377.1640451,0.3202487044223718,72.03437130088855
74,10:37:00,1.83e-06,10:39:05,398148164.83780897,550099312.6193695,0.3189317755512757,72.08406009973967
74,10:38:00,1.77e-06,10:40:05,391507007.99491787,537641333.4300665,0.31777210245120024,72.13000160861532
74,10:39:00,1.73e-06,10:41:05,387473858.76864886,529354101.9783635,0.3170839687866125,72.1586004102327
74,10:40:00,1.69e-06,10:42:05,383888247.47218084,521081128.21994644,0.31650435354997997,72.18460192932602
74,10:41:00,1.65e-06,10:43:05,380568191.92011136,512822224.17728174,0.3159867405144359,72.20911699743176
74,10:42:00,1.63e-06,10:44:05,379090714.4603184,508697988.29109716,0.31577536521855376,72.22023661357748
74,10:43:00,1.6e-06,10:45:05,376902011.88152385,502518085.93155944,0.3154621178173165,72.23682429177603
74,10:44:00,1.58e-06,10:46:05,375708003.68148315,498402415.9260299,0.3153262902646372,72.24612733672464
74,10:45:00,1.57e-06,10:47:05,375112774.2893656,496345851.0423041,0.3152583764882975,72.25077885919895
74,10:46:00,1.58e-06,10:48:05,375708003.68148315,498402415.9260299,0.3153262902646372,72.24612733672464
74,10:47:00,1.59e-06,10:49:05,376304415.33520555,500459826.51302344,0.31539420404097684,72.24147581425034
74,10:48:00,1.57e-06,10:50:05,375112774.2893656,496345851.0423041,0.3152583764882975,72.25077885919895
74,10:49:00,1.55e-06,10:51:05,373925851.7979981,492235245.82386726,0.3151225489356182,72.26008190414755
74,10:50:00,1.54e-06,10:52:05,373334153.4687374,490181199.1882637,0.31505463515927856,72.26473342662186
74,10:51:00,1.53e-06,10:53:05,372877659.988738,488127985.6566192,0.31502528822987025,72.26845557582965
74,10:52:00,1.51e-06,10:54:05,371983832.0384823,484024045.2407387,0.31497157073839965,72.27577995511407
74,10:53:00,1.5e-06,10:55:05,371537831.4957768,481973312.01727563,0.31494471199266433,72.27944214475629
74,10:54:00,1.49e-06,10:56:05,371092438.7006945,479923399.22248673,0.31491785324692906,72.28310433439849
74,10:55:00,1.47e-06,10:57:05,370322842.7372269,475826022.2451926,0.314898749993746,72.28959283608265
74,10:56:00,1.45e-06,10:58:05,369742107.9431095,471731889.00715524,0.31493404054358637,72.29476781582352
74,10:57:00,1.43e-06,10:59:05,369162149.0100656,467640974.32731545,0.31496933109342673,72.29994279556438
74,10:58:00,1.41e-06,11:00:05,368684823.96579605,463553253.21962315,0.3150342756594682,72.30440022084423
74,10:59:00,1.41e-06,11:01:05,368684823.96579605,463553253.21962315,0.3150342756594682,72.30440022084423
74,11:00:00,1.4e-06,11:02:05,368560655.90918416,461510582.52099615,0.3151000479442886,72.30582315511398
74,11:01:00,1.39e-06,11:03:05,368436460.7070145,459468700.9771701,0.315165820229109,72.30724608938375
74,11:02:00,1.36e-06,11:04:05,368063712.78348356,453347761.1367524,0.31536313708357017,72.31151489219303
74,11:03:00,1.34e-06,11:05:05,368074574.08929646,449271025.68889624,0.31557021669419116,72.31252937945504
74,11:04:00,1.32e-06,11:06:05,368182709.6141708,445197376.319695,0.3158056219451798,72.31285709873801
74,11:05:00,1.3e-06,11:07:05,368290820.0829082,441126790.94866675,0.31604102719616844,72.31318481802096
74,11:06:00,1.29e-06,11:08:05,368401390.13978297,439092640.6252714,0.316175110583965,72.31295075184477
74,11:07:00,1.29e-06,11:09:05,368401390.13978297,439092640.6252714,0.316175110583965,72.31295075184477
74,11:08:00,1.28e-06,11:10:05,368648601.73492014,437059248.47497225,0.3163487337428361,72.31175617507421
74,11:09:00,1.28e-06,11:11:05,368648601.73492014,437059248.47497225,0.3163487337428361,72.31175617507421
74,11:10:00,1.27e-06,11:12:05,368896132.24126256,435026612.0436738,0.3165223569017072,72.31056159830364
74,11:11:00,1.27e-06,11:13:05,368896132.24126256,435026612.0436738,0.3165223569017072,72.31056159830364
74,11:12:00,1.28e-06,11:14:05,368648601.73492014,437059248.47497225,0.3163487337428361,72.31175617507421
74,11:13:00,1.27e-06,11:15:05,368896132.24126256,435026612.0436738,0.3165223569017072,72.31056159830364
74,11:14:00,1.26e-06,11:16:05,369143982.07836694,432994728.96298534,0.3166959800605783,72.30936702153308
74,11:15:00,1.27e-06,11:17:05,368896132.24126256,435026612.0436738,0.3165223569017072,72.31056159830364
74,11:16:00,1.26e-06,11:18:05,369143982.07836694,432994728.96298534,0.3166959800605783,72.30936702153308
74,11:17:00,1.23e-06,11:19:05,369916938.0733625,426903577.57991415,0.3172247420197716,72.30559120297437
74,11:18:00,1.22e-06,11:20:05,370375788.03795874,424874686.1922065,0.3174584694690595,72.30293380032272
74,11:19:00,1.22e-06,11:21:05,370375788.03795874,424874686.1922065,0.3174584694690595,72.30293380032272
74,11:20:00,1.21e-06,11:22:05,370835667.8239168,422846537.86571604,0.3176921969183474,72.30027639767108
74,11:21:00,1.2e-06,11:23:05,371296579.8531749,420819130.9134294,0.3179259243676353,72.29761899501943
74,11:22:00,1.23e-06,11:24:05,369916938.0733625,426903577.57991415,0.3172247420197716,72.30559120297437
74,11:23:00,1.26e-06,11:25:05,369143982.07836694,432994728.96298534,0.3166959800605783,72.30936702153308
74,11:24:00,1.28e-06,11:26:05,368648601.73492014,437059248.47497225,0.3163487337428361,72.31175617507421
74,11:25:00,1.31e-06,11:27:05,368236767.9831021,443161701.9782396,0.3159233245706741,72.31302095837948
74,11:26:00,1.33e-06,11:28:05,368128644.9812068,447233816.64542997,0.3156879193196855,72.31269323909652
74,11:27:00,1.33e-06,11:29:05,368128644.9812068,447233816.64542997,0.3156879193196855,72.31269323909652
74,11:28:00,1.32e-06,11:30:05,368182709.6141708,445197376.319695,0.3158056219451798,72.31285709873801
74,11:29:00,1.32e-06,11:31:05,368182709.6141708,445197376.319695,0.3158056219451798,72.31285709873801
74,11:30:00,1.31e-06,11:32:05,368236767.9831021,443161701.9782396,0.3159233245706741,72.31302095837948
74,11:31:00,1.31e-06,11:33:05,368236767.9831021,443161701.9782396,0.3159233245706741,72.31302095837948
74,11:32:00,1.31e-06,11:34:05,368236767.9831021,443161701.9782396,0.3159233245706741,72.31302095837948
74,11:33:00,1.31e-06,11:35:05,368236767.9831021,443161701.9782396,0.3159233245706741,72.31302095837948
74,11:34:00,1.31e-06,11:36:05,368236767.9831021,443161701.9782396,0.3159233245706741,72.31302095837948
74,11:35:00,1.32e-06,11:37:05,368182709.6141708,445197376.319695,0.3158056219451798,72.31285709873801
74,11:36:00,1.33e-06,11:38:05,368128644.9812068,447233816.64542997,0.3156879193196855,72.31269323909652
74,11:37:00,1.38e-06,11:39:05,368312238.41492325,457427605.5590004,0.3152315925139294,72.30866902365351
74,11:38:00,1.49e-06,11:40:05,371092438.7006945,479923399.22248673,0.31491785324692906,72.28310433439849
74,11:39:00,3.14e-06,11:41:05,738425467.1418443,831107504.4667329,0.3638340202547422,70.62277299925898
74,11:40:00,9.26e-05,11:42:05,75258247992.42088,65959557364.1584,0.49064890025611224,62.07108161010441
74,11:41:00,0.000213,11:43:05,111716431009.84238,310631320209.9142,0.4984207463408122,61.4645086017381
74,11:42:00,0.000222,11:44:05,111716431009.84238,337128240877.40594,0.4984207463408122,61.4645086017381
74,11:43:00,0.000162,11:45:05,111716431009.84238,182886706644.196,0.4984207463408122,61.4645086017381
74,11:44:00,9.41e-05,11:46:05,81470333957.55145,67840970750.44755,0.4922242744624703,61.94812762192205
74,11:45:00,5.69e-05,11:47:05,12776327838.212755,29068711147.963154,0.4531549941447895,64.99738652884456
74,11:46:00,3.59e-05,11:48:05,4987641742.402835,14203773411.651081,0.43109975525577604,66.7187423633976
74,11:47:00,2.41e-05,11:49:05,3039636175.457332,8003661976.046744,0.4187068114990924,67.6859804037655
74,11:48:00,1.68e-05,11:50:05,2542852429.231927,4940304470.613752,0.41627521516476507,68.0777842434256
74,11:49:00,1.22e-05,11:51:05,2498472596.109435,3316630139.784231,0.41896970325331834,68.15789555103713
74,11:50:00,9.24e-06,11:52:05,2469761691.6263304,2399369654.5829253,0.4207035477624743,68.20944543593498
74,11:51:00,7.19e-06,11:53:05,2449814366.731498,1823618466.323863,0.4219043522367209,68.24514721432708
74,11:52:00,5.78e-06,11:54:05,2074083618.314846,1456218147.9385717,0.41838744641816855,68.5947120796272
74,11:53:00,4.88e-06,11:55:05,1646104958.5309918,1233955783.0524776,0.4095624156148535,69.04252106057999
74,11:54:00,4.28e-06,11:56:05,1312592776.3364115,1091072226.116786,0.39847388533631933,69.47275329737768
74,11:55:00,3.89e-06,11:57:05,1097176976.4364264,1000452757.2047666,0.38856470264242704,69.81864830068645
74,11:56:00,3.64e-06,11:58:05,967006521.2360102,943289822.9833367,0.3810829750293891,70.06795568900543
74,11:57:00,3.43e-06,11:59:05,865115208.0037186,895827410.2059982,0.3741668154316899,70.29284978231911
74,11:58:00,3.26e-06,12:00:05,788750906.163001,857773048.0972563,0.3682069293225966,70.48382372959117
74,11:59:00,3.14e-06,12:01:05,738425467.1418443,831107504.4667329,0.3638340202547422,70.62277299925898
74,12:00:00,3.06e-06,12:02:05,706586214.1210567,813420097.695775,0.3608547318134099,70.71703035902738
74,12:01:00,2.99e-06,12:03:05,679914123.5087949,798002078.3441954,0.35821788106534785,70.80028143040089
74,12:02:00,2.93e-06,12:04:05,657934655.4527396,784829839.5250429,0.3559395461241235,70.87212186601765
74,12:03:00,2.87e-06,12:05:05,636773515.2759631,771697284.3536283,0.35364890732232557,70.94430287856868
74,12:04:00,2.82e-06,12:06:05,619768731.666735,760783657.4177787,0.3517343412756846,71.00462486557247
74,12:05:00,2.76e-06,12:07:05,600115302.0046886,747723323.4062445,0.3494340326475367,71.07712582030686
74,12:06:00,2.71e-06,12:08:05,584363333.9917881,736869573.7483633,0.34751820299087416,71.13755183806282
74,12:07:00,2.67e-06,12:09:05,572182004.4069042,728206021.032634,0.3459908383170804,71.18580110445484
74,12:08:00,2.62e-06,12:10:05,557465415.643617,717400767.2152522,0.34408865489756557,71.24597031034911
74,12:09:00,2.56e-06,12:11:05,540554235.7907834,704469735.6204013,0.34182230292025084,71.31783188890498
74,12:10:00,2.52e-06,12:12:05,529718869.2315806,695870297.2536255,0.34032216476219745,71.36550707533323
74,12:11:00,2.49e-06,12:13:05,521852596.6798517,689431813.2926394,0.3392100715284813,71.40097613563383
74,12:12:00,2.46e-06,12:14:05,514155840.39309144,683002797.19417,0.3381003015249594,71.4363929526574
74,12:13:00,2.42e-06,12:15:05,504245645.7160255,674445435.8224415,0.3366430660788079,71.48311035701077
74,12:14:00,2.38e-06,12:16:05,494680504.9053161,665904740.6263913,0.3352031807521905,71.52943270867708
74,12:15:00,2.35e-06,12:17:05,487720645.1419127,659510096.4029515,0.3341338917157496,71.56393254796018
74,12:16:00,2.32e-06,12:18:05,480987610.9812083,653124727.0153611,0.3330839196596975,71.5979884631912
74,12:17:00,2.29e-06,12:19:05,474424543.81843936,646748587.3881481,0.3320430323221452,71.6318356022591
74,12:18:00,2.27e-06,12:20:05,470163565.03063947,642502932.3927785,0.3313589121848086,71.654173402156
74,12:19:00,2.28e-06,12:21:05,472264210.8766779,644625250.5796487,0.3316960698762944,71.64311798194841
74,12:20:00,2.32e-06,12:22:05,480987610.9812083,653124727.0153611,0.3330839196596975,71.5979884631912
74,12:21:00,2.43e-06,12:23:05,506698673.35873604,676583209.8942955,0.33700737494034577,71.47143100592243
74,12:22:00,2.53e-06,12:24:05,532389388.35578537,698018569.1235446,0.3406952326156328,71.35363171225833
74,12:23:00,2.61e-06,12:25:05,554588780.9924598,715242929.3485627,0.3437092790477342,71.25798264349861
74,12:24:00,2.61e-06,12:26:05,554588780.9924598,715242929.3485627,0.3437092790477342,71.25798264349861
74,12:25:00,2.62e-06,12:27:05,557465415.643617,717400767.2152522,0.34408865489756557,71.24597031034911
74,12:26:00,2.62e-06,12:28:05,557465415.643617,717400767.2152522,0.34408865489756557,71.24597031034911
74,12:27:00,2.6e-06,12:29:05,551732019.0311248,713086159.5556557,0.3433299031979028,71.26999497664809
74,12:28:00,2.59e-06,12:30:05,548894975.4513556,710930456.5713543,0.34295052734807147,71.28200730979759
74,12:29:00,2.59e-06,12:31:05,548894975.4513556,710930456.5713543,0.34295052734807147,71.28200730979759
74,12:30:00,2.58e-06,12:32:05,546091396.9212313,708775819.1173427,0.34257368312332953,71.29396534000274
74,12:31:00,2.57e-06,12:33:05,543313326.6625308,706622245.902029,0.34219799302179016,71.30589861445387
74,12:32:00,2.57e-06,12:34:05,543313326.6625308,706622245.902029,0.34219799302179016,71.30589861445387
74,12:33:00,2.6e-06,12:35:05,551732019.0311248,713086159.5556557,0.3433299031979028,71.26999497664809
74,12:34:00,2.63e-06,12:36:05,560362078.6373181,719559674.4078835,0.34446803074739696,71.23395797719962
74,12:35:00,2.72e-06,12:37:05,587469360.7765115,739038159.137407,0.34790135819538165,71.12546681983109
74,12:36:00,2.83e-06,12:38:05,623126529.7615513,762964195.1517674,0.3521177785038732,70.99254179960488
74,12:37:00,2.99e-06,12:39:05,679914123.5087949,798002078.3441954,0.35821788106534785,70.80028143040089
74,12:38:00,3.36e-06,12:40:05,832955429.3716475,880118311.4790082,0.3717473698288659,70.3706265360537
74,12:39:00,4.01e-06,12:41:05,1162319936.4682646,1028147454.7699398,0.3918482886725255,69.7064935958428
74,12:40:00,5.17e-06,12:42:05,1796864049.4277806,1304531706.9380953,0.41329081352259334,68.87521119462355
74,12:41:00,7.68e-06,12:43:05,2454586703.2278876,1956769187.26514,0.42161733067946194,68.23661361851629
74,12:42:00,1.29e-05,12:44:05,2505245514.550131,3548239542.048687,0.41855967245723413,68.14570469987885
74,12:43:00,2.18e-05,12:45:05,2767661366.1322246,6974545511.168826,0.41629123771600995,67.87450985231177
74,12:44:00,3.38e-05,12:46:05,4558876697.560766,12987735685.310005,0.4288942313668747,66.8908779468529
74,12:45:00,5.06e-05,12:47:05,9558513068.250044,24089467183.214165,0.44653842247808545,65.51379327921047
74,12:46:00,7.1e-05,12:48:05,25072370008.738335,41855864996.47132,0.46796351168455563,63.841619039930386
74,12:47:00,9.54e-05,12:49:05,87294777292.5872,69493665717.85207,0.4935895987746473,61.84156749883067
74,12:48:00,0.000118,12:50:05,111716431009.84238,101562884616.01894,0.4984207463408122,61.4645086017381
74,12:49:00,0.000135,12:51:05,111716431009.84238,129953212475.95665,0.4984207463408122,61.4645086017381
74,12:50:00,0.000146,12:52:05,111716431009.84238,150337263491.71722,0.4984207463408122,61.4645086017381
74,12:51:00,0.000153,12:53:05,111716431009.84238,164150243461.80768,0.4984207463408122,61.4645086017381
74,12:52:00,0.000155,12:54:05,111716431009.84238,168218424132.65646,0.4984207463408122,61.4645086017381
74,12:53:00,0.000153,12:55:05,111716431009.84238,164150243461.80768,0.4984207463408122,61.4645086017381
74,12:54:00,0.000148,12:56:05,111716431009.84238,154216542967.4229,0.4984207463408122,61.4645086017381
74,12:55:00,0.000141,12:57:05,111716431009.84238,140872900936.8678,0.4984207463408122,61.4645086017381
74,12:56:00,0.000133,12:58:05,111716431009.84238,126418564026.85292,0.4984207463408122,61.4645086017381
74,12:57:00,0.000125,12:59:05,111716431009.84238,112801142355.12474,0.4984207463408122,61.4645086017381
74,12:58:00,0.000116,13:00:05,111716431009.84238,98466802198.23146,0.4984207463408122,61.4645086017381
74,12:59:00,0.000106,13:01:05,111716431009.84238,83743094042.77039,0.4984207463408122,61.4645086017381
74,13:00:00,9.78e-05,13:02:05,99239401654.70573,72598975241.43787,0.4961101975048203,61.6448411177389
74,13:01:00,8.87e-05,13:03:05,61345606759.525185,61195422297.74707,0.48655292731958116,62.390761979378546
74,13:02:00,8.02e-05,13:04:05,39650590395.128784,51444833130.39347,0.47762580681688527,63.087501245745244
74,13:03:00,7.21e-05,13:05:05,26464410927.248158,42950128828.17594,0.46911878610255153,63.75145278192999
74,13:04:00,6.46e-05,13:06:05,18384661391.431374,35768049579.38584,0.46124191507076107,64.36622272284178
74,13:05:00,5.78e-05,13:07:05,13324489019.880306,29816780257.296597,0.45410021866860434,64.92361413593515
74,13:06:00,5.18e-05,13:08:05,10096352804.003681,25003295226.926353,0.44779872184317193,65.41543008866459
74,13:07:00,4.68e-05,13:09:05,8050369252.48715,21302561495.534004,0.44254747448864495,65.82527671593913
74,13:08:00,4.24e-05,13:10:05,6619349053.364209,18277721223.66627,0.4379263768166612,66.18594174794072
74,13:09:00,3.86e-05,13:11:05,5604937109.577481,15839051610.136948,0.4339354288272207,66.49742518466935
74,13:10:00,3.54e-05,13:12:05,4881695884.646526,13909811727.601068,0.43057463052032335,66.75972702612505
74,13:11:00,3.27e-05,13:13:05,4350521169.194669,12370240738.890911,0.4277389569488788,66.9810442048533
74,13:12:00,3.04e-05,13:14:05,3947785775.0052285,11122349986.733585,0.4253233831657964,67.1695736533996
74,13:13:00,2.84e-05,13:15:05,3630698182.1464043,10084754228.16877,0.4232228842239856,67.33351230430941
74,13:14:00,2.66e-05,13:16:05,3369137939.1691933,9188716695.897354,0.4213324351763558,67.48105709012823
74,13:15:00,2.5e-05,13:17:05,3153978684.2115755,8422314640.984784,0.41965203602290724,67.61220801085608
74,13:16:00,2.35e-05,13:18:05,2965949966.36215,7729543358.945944,0.4180766618165491,67.73516199903844
74,13:17:00,2.23e-05,13:19:05,2824418254.760543,7193275904.530855,0.41681636245146264,67.83352518958434
74,13:18:00,2.11e-05,13:20:05,2690307209.504706,6672986705.016008,0.4155560630863762,67.93188838013022
74,13:19:00,2.01e-05,13:21:05,2583914761.6853976,6251637371.626058,0.41450581361547073,68.01385770558512
74,13:20:00,1.89e-05,13:22:05,2563006137.3920107,5760716475.586603,0.4150451227765125,68.04121168995076
74,13:21:00,1.79e-05,13:23:05,2553417942.505677,5363890690.980107,0.41563088105663276,68.05862719160544
74,13:22:00,1.7e-05,13:24:05,2544774847.374265,5016311557.55257,0.416158063508741,68.07430114309466
74,13:23:00,1.62e-05,13:25:05,2537081460.883888,4714977141.094019,0.4166266701328372,68.0882335444184
74,13:24:00,1.54e-05,13:26:05,2529378305.2051525,4420836926.846678,0.4170952767569335,68.10216594574214
74,13:25:00,1.48e-05,13:27:05,2523594666.103479,4204964375.6965165,0.4174467317250056,68.11261524673496
74,13:26:00,1.41e-05,13:28:05,2516840435.3446283,3958252963.782387,0.41785676252108983,68.12480609789323
74,13:27:00,1.35e-05,13:29:05,2511045504.085388,3751202507.8162904,0.418208217489162,68.13525539888604
74,13:28:00,1.3e-05,13:30:05,2506212526.6330094,3581782395.3288374,0.4185010966292221,68.14396314971339
74,13:29:00,1.25e-05,13:31:05,2501376092.5067225,3415207083.543789,0.41879397576928223,68.15267090054073
74,13:30:00,1.2e-05,13:32:05,2496536257.6671906,3251483190.6943073,0.4190868549093424,68.16137865136807
74,13:31:00,1.16e-05,13:33:05,2492661978.8517923,3122561763.3389072,0.4193211582213905,68.16834485202993
74,13:32:00,1.12e-05,13:34:05,2488785587.9567122,2995473410.4320602,0.4195554615334386,68.17531105269181
74,13:33:00,1.08e-05,13:35:05,2484907113.5550337,2870221985.4680185,0.4197897648454867,68.18227725335369
74,13:34:00,1.05e-05,13:36:05,2481996907.6274776,2777491291.6097627,0.4199654923295228,68.18750190385009
74,13:35:00,1.02e-05,13:37:05,2479085557.8218493,2685797831.774442,0.42014121981355884,68.19272655434649
74,13:36:00,9.94e-06,13:38:05,2476561472.0165796,2607170532.6941853,0.4202935169663901,68.19725458477672
74,13:37:00,9.69e-06,13:39:05,2474133671.9914103,2532304397.2976146,0.4204399565364202,68.20160846019039
74,13:38:00,9.46e-06,13:40:05,2471899414.132223,2464066652.8004117,0.4205746809408479,68.20561402557095
74,13:39:00,9.22e-06,13:41:05,2469567323.9878206,2393515959.745858,0.4207152629280767,68.20979374596808
74,13:40:00,8.92e-06,13:42:05,2466651228.6719313,2306268136.6276064,0.4208909904121128,68.21501839646449
74,13:41:00,8.65e-06,13:43:05,2464025818.6125097,2228640032.9671154,0.4210491451477453,68.21972058191125
74,13:42:00,8.43e-06,13:44:05,2461885954.488996,2166015336.9296536,0.42117801196937177,68.22355199227528
74,13:43:00,8.21e-06,13:45:05,2459745519.7549386,2103955187.032066,0.4213068787909982,68.2273834026393
74,13:44:00,7.99e-06,13:46:05,2457604519.1319003,2042460298.1673682,0.42143574561262465,68.23121481300333
74,13:45:00,7.84e-06,13:47:05,2456144423.947836,2000856416.504958,0.4215236093546427,68.23382713825154
74,13:46:00,7.66e-06,13:48:05,2454391967.4779024,1951279362.3577871,0.42162904584506433,68.23696192854938
74,13:47:00,7.42e-06,13:49:05,2452054782.3052907,1885767100.2771947,0.4217696278322932,68.24114164894651
74,13:48:00,7.25e-06,13:50:05,2450398880.511656,1839771294.8067098,0.4218692067399137,68.24410228422781
74,13:49:00,7.06e-06,13:51:05,2448547781.5176444,1788765706.4789474,0.42198050081313654,68.2474112295422
74,13:50:00,6.88e-06,13:52:05,2441328504.3563476,1740835874.2319036,0.422036099207483,68.2551654978353
74,13:51:00,6.77e-06,13:53:05,2410019949.1187963,1711732953.72116,0.4218222291833291,68.28285177494797
74,13:52:00,6.63e-06,13:54:05,2368950158.3108797,1674898749.4762976,0.4215273526146592,68.31962824066044
74,13:53:00,6.51e-06,13:55:05,2332495773.008713,1643510183.019351,0.4212457260375257,68.35264531309954
74,13:54:00,6.37e-06,13:56:05,2288173855.575236,1607104495.707251,0.42087017815570416,68.39318972289334
74,13:55:00,6.2e-06,13:57:05,2231357464.483331,1563207995.2135482,0.42032560136423286,68.44574561978958
74,13:56:00,6.06e-06,13:58:05,2181763571.9007883,1527313658.6496172,0.41978531167779176,68.49214003653006
74,13:57:00,5.94e-06,13:59:05,2137041893.0805154,1496730972.3284585,0.41924271382698586,68.53441243458285
74,13:58:00,5.78e-06,14:00:05,2074083618.314846,1456218147.9385717,0.41838744641816855,68.5947120796272
74,13:59:00,5.62e-06,14:01:05,2007039449.9557598,1416007164.9302247,0.4173550273191384,68.66007172869134
74,14:00:00,5.45e-06,14:02:05,1931282834.6469772,1373613705.3238223,0.41603575188582387,68.73562154910329
74,14:01:00,5.3e-06,14:03:05,1860806648.495639,1336490608.6895428,0.4146631859697,68.80784566294129
74,14:02:00,5.16e-06,14:04:05,1791783189.0907052,1302081575.1171768,0.41317575866267003,68.88063745656154
74,14:03:00,5.06e-06,14:05:05,1740903113.957639,1277645018.1355767,0.41198929212373325,68.93581694178604
74,14:04:00,4.97e-06,14:06:05,1693927013.999287,1255752756.0852594,0.4108218114056096,68.98801028357659
74,14:05:00,4.88e-06,14:07:05,1646104958.5309918,1233955783.0524776,0.4095624156148535,69.04252106057999
74,14:06:00,4.8e-06,14:08:05,1602929475.5393124,1214660642.8219733,0.40836115041517523,69.09302474273669
74,14:07:00,4.69e-06,14:09:05,1542563776.8398995,1188252590.5657072,0.4065731659035664,69.16586147111232
74,14:08:00,4.58e-06,14:10:05,1481339525.9956226,1161986552.3835974,0.4046247218250982,69.24267341195802
74,14:09:00,4.48e-06,14:11:05,1425270875.2959208,1138231426.2132852,0.4027147321878059,69.3159223724265
74,14:10:00,4.36e-06,14:12:05,1357691398.279133,1109879798.3837073,0.40023954417926466,69.40832242447367
74,14:11:00,4.25e-06,14:13:05,1295846633.2612371,1084038649.4106443,0.39779555167296404,69.49731154957944
74,14:12:00,4.16e-06,14:14:05,1245304907.52809,1063000885.6684508,0.3956567562543682,69.57352285372507
74,14:13:00,4.06e-06,14:15:05,1189837019.3073082,1039736206.1799408,0.39315534965606236,69.66125318039617
74,14:14:00,3.96e-06,14:16:05,1134965410.5715082,1016587716.992457,0.3905023426631862,69.7526826916269
